group,replicate,fastq_1,fastq_2,strandedness
BTS11_EVT_L1,1,NGS_M_Sheridan_40616_run1/BTS11_EVT_L001_ds.42c2cf23b4ea4d608bd2b9b6817bc8d0/BTS11-EVT_S5_L001_R1_001.fastq.gz, ,reverse
BTS11_EVT_L2,1,NGS_M_Sheridan_40616_run1/BTS11_EVT_L002_ds.4afebd4d2b15436e8baf297221210b57/BTS11-EVT_S5_L002_R1_001.fastq.gz, ,reverse
BTS11_EVT_L3,1,NGS_M_Sheridan_40616_run1/BTS11_EVT_L003_ds.47c47674f7b84346beeccb18ed26615a/BTS11-EVT_S5_L003_R1_001.fastq.gz, ,reverse
BTS11_EVT_L4,1,NGS_M_Sheridan_40616_run1/BTS11_EVT_L004_ds.00c649919bb34e81bb21f770ed05b9a7/BTS11-EVT_S5_L004_R1_001.fastq.gz, ,reverse
BTS11_Okae_TOM_L1,1,NGS_M_Sheridan_40616_run1/BTS11_Okae_TOM_L001_ds.106242b7fe8f41239e09592118d8b8ba/BTS11-Okae-TOM_S17_L001_R1_001.fastq.gz, ,reverse
BTS11_Okae_TOM_L2,1,NGS_M_Sheridan_40616_run1/BTS11_Okae_TOM_L002_ds.8300209245fa4815af3c5bf0a860ea75/BTS11-Okae-TOM_S17_L002_R1_001.fastq.gz, ,reverse
BTS11_Okae_TOM_L3,1,NGS_M_Sheridan_40616_run1/BTS11_Okae_TOM_L003_ds.5564a5c3dfc54f8f95f61572180f77d5/BTS11-Okae-TOM_S17_L003_R1_001.fastq.gz, ,reverse
BTS11_Okae_TOM_L4,1,NGS_M_Sheridan_40616_run1/BTS11_Okae_TOM_L004_ds.6e94e5c7c52948daa07e7f2bfb4ad7cc/BTS11-Okae-TOM_S17_L004_R1_001.fastq.gz, ,reverse
BTS11_STB_L1,1,NGS_M_Sheridan_40616_run1/BTS11_STB_L001_ds.ee1647d538a74c73ae7936f59ab8083f/BTS11-STB_S6_L001_R1_001.fastq.gz, ,reverse
BTS11_STB_L2,1,NGS_M_Sheridan_40616_run1/BTS11_STB_L002_ds.84f8f1602ace4e6aaefae125d111af55/BTS11-STB_S6_L002_R1_001.fastq.gz, ,reverse
BTS11_STB_L3,1,NGS_M_Sheridan_40616_run1/BTS11_STB_L003_ds.8a4666bc71944acab258875dfd617d30/BTS11-STB_S6_L003_R1_001.fastq.gz, ,reverse
BTS11_STB_L4,1,NGS_M_Sheridan_40616_run1/BTS11_STB_L004_ds.ce372d6876ca4a37ba922cfd8542f473/BTS11-STB_S6_L004_R1_001.fastq.gz, ,reverse
BTS11_TSC_L1,1,NGS_M_Sheridan_40616_run1/BTS11_TSC_L001_ds.37d32a7796404846976bd0925860c593/BTS11-TSC_S4_L001_R1_001.fastq.gz, ,reverse
BTS11_TSC_L2,1,NGS_M_Sheridan_40616_run1/BTS11_TSC_L002_ds.db3da0859e6b4202b6be5d43e0f8a164/BTS11-TSC_S4_L002_R1_001.fastq.gz, ,reverse
BTS11_TSC_L3,1,NGS_M_Sheridan_40616_run1/BTS11_TSC_L003_ds.f729a14ecf304db5a84d1de7e6b51b49/BTS11-TSC_S4_L003_R1_001.fastq.gz, ,reverse
BTS11_TSC_L4,1,NGS_M_Sheridan_40616_run1/BTS11_TSC_L004_ds.1d60288824ec4bca8d89bf5c5478bb54/BTS11-TSC_S4_L004_R1_001.fastq.gz, ,reverse
BTS5_EVT_L1,1,NGS_M_Sheridan_40616_run1/BTS5_EVT_L001_ds.41c562840c7c447e9bbbd53af936c832/BTS5-EVT_S2_L001_R1_001.fastq.gz, ,reverse
BTS5_EVT_L2,1,NGS_M_Sheridan_40616_run1/BTS5_EVT_L002_ds.d47ca8bf4a3e48eeb1f115ecc1f6bdca/BTS5-EVT_S2_L002_R1_001.fastq.gz, ,reverse
BTS5_EVT_L3,1,NGS_M_Sheridan_40616_run1/BTS5_EVT_L003_ds.5b1db068aa6244949f218965283f9704/BTS5-EVT_S2_L003_R1_001.fastq.gz, ,reverse
BTS5_EVT_L4,1,NGS_M_Sheridan_40616_run1/BTS5_EVT_L004_ds.e7b7e370e2f04fafabb9eb25ec801f9d/BTS5-EVT_S2_L004_R1_001.fastq.gz, ,reverse
BTS5_Okae_TOM_L1,1,NGS_M_Sheridan_40616_run1/BTS5_Okae_TOM_L001_ds.6bd9039096d44e84ac706bf342f0300d/BTS5-Okae-TOM_S16_L001_R1_001.fastq.gz, ,reverse
BTS5_Okae_TOM_L2,1,NGS_M_Sheridan_40616_run1/BTS5_Okae_TOM_L002_ds.3b3cb0832374448c8f8561bdfc89e4b3/BTS5-Okae-TOM_S16_L002_R1_001.fastq.gz, ,reverse
BTS5_Okae_TOM_L3,1,NGS_M_Sheridan_40616_run1/BTS5_Okae_TOM_L003_ds.cb4188101a4a4ddfbad21b0e3be5d9d4/BTS5-Okae-TOM_S16_L003_R1_001.fastq.gz, ,reverse
BTS5_Okae_TOM_L4,1,NGS_M_Sheridan_40616_run1/BTS5_Okae_TOM_L004_ds.3581aae428de405ca03ac0c1b7a7a6c3/BTS5-Okae-TOM_S16_L004_R1_001.fastq.gz, ,reverse
BTS5_STB_L1,1,NGS_M_Sheridan_40616_run1/BTS5_STB_L001_ds.8a57db744663482b8ac6f4c749333219/BTS5-STB_S3_L001_R1_001.fastq.gz, ,reverse
BTS5_STB_L2,1,NGS_M_Sheridan_40616_run1/BTS5_STB_L002_ds.cdc7e6d95a904f4d9857b97bd0d78210/BTS5-STB_S3_L002_R1_001.fastq.gz, ,reverse
BTS5_STB_L3,1,NGS_M_Sheridan_40616_run1/BTS5_STB_L003_ds.04321238de0449cb9285abe898cfc96d/BTS5-STB_S3_L003_R1_001.fastq.gz, ,reverse
BTS5_STB_L4,1,NGS_M_Sheridan_40616_run1/BTS5_STB_L004_ds.1443835c4f2c4c2e9e42a38a908a76e4/BTS5-STB_S3_L004_R1_001.fastq.gz, ,reverse
BTS5_TSC_L1,1,NGS_M_Sheridan_40616_run1/BTS5_TSC_L001_ds.4c693185816f473599ef25a846858d5d/BTS5-TSC_S1_L001_R1_001.fastq.gz, ,reverse
BTS5_TSC_L2,1,NGS_M_Sheridan_40616_run1/BTS5_TSC_L002_ds.a524308b77804dd0a411972c2f5bd3b1/BTS5-TSC_S1_L002_R1_001.fastq.gz, ,reverse
BTS5_TSC_L3,1,NGS_M_Sheridan_40616_run1/BTS5_TSC_L003_ds.db473d70013d4fdf8b61cdcf1cb84f64/BTS5-TSC_S1_L003_R1_001.fastq.gz, ,reverse
BTS5_TSC_L4,1,NGS_M_Sheridan_40616_run1/BTS5_TSC_L004_ds.62b4e662ce0141a8aa8f285adb031426/BTS5-TSC_S1_L004_R1_001.fastq.gz, ,reverse
CT27_EVT_L1,1,NGS_M_Sheridan_40616_run1/CT27_EVT_L001_ds.e02a009b0ca6486fa3fbc268ebcde565/CT27-EVT_S8_L001_R1_001.fastq.gz, ,reverse
CT27_EVT_L2,1,NGS_M_Sheridan_40616_run1/CT27_EVT_L002_ds.4985822a01d449f49e57dc5e327fdb83/CT27-EVT_S8_L002_R1_001.fastq.gz, ,reverse
CT27_EVT_L3,1,NGS_M_Sheridan_40616_run1/CT27_EVT_L003_ds.a4edb3a174e74eb890302806b9296ece/CT27-EVT_S8_L003_R1_001.fastq.gz, ,reverse
CT27_EVT_L4,1,NGS_M_Sheridan_40616_run1/CT27_EVT_L004_ds.e2a202b2e2684941b74dc825fec9ee43/CT27-EVT_S8_L004_R1_001.fastq.gz, ,reverse
CT27_Okae_TOM_L1,1,NGS_M_Sheridan_40616_run1/CT27_Okae_TOM_L001_ds.6f38863b28bb4da1b1046d63852e1ce1/CT27-Okae-TOM_S18_L001_R1_001.fastq.gz, ,reverse
CT27_Okae_TOM_L2,1,NGS_M_Sheridan_40616_run1/CT27_Okae_TOM_L002_ds.2b0111fcda4549a68dd18e5f3c30ef1f/CT27-Okae-TOM_S18_L002_R1_001.fastq.gz, ,reverse
CT27_Okae_TOM_L3,1,NGS_M_Sheridan_40616_run1/CT27_Okae_TOM_L003_ds.ed4d78af126942aeaf1a9927bdaa7183/CT27-Okae-TOM_S18_L003_R1_001.fastq.gz, ,reverse
CT27_Okae_TOM_L4,1,NGS_M_Sheridan_40616_run1/CT27_Okae_TOM_L004_ds.64b284306608450e93c299b92b640691/CT27-Okae-TOM_S18_L004_R1_001.fastq.gz, ,reverse
CT27_STB_L1,1,NGS_M_Sheridan_40616_run1/CT27_STB_L001_ds.af02e5ff9c7745ec8d348e1e36053739/CT27-STB_S9_L001_R1_001.fastq.gz, ,reverse
CT27_STB_L2,1,NGS_M_Sheridan_40616_run1/CT27_STB_L002_ds.165986abf0604bf69b78fa3df5e5a18e/CT27-STB_S9_L002_R1_001.fastq.gz, ,reverse
CT27_STB_L3,1,NGS_M_Sheridan_40616_run1/CT27_STB_L003_ds.c4b07c913edb47afae0930362aaf8dba/CT27-STB_S9_L003_R1_001.fastq.gz, ,reverse
CT27_STB_L4,1,NGS_M_Sheridan_40616_run1/CT27_STB_L004_ds.bc96993fbc95400e8d31568c82fb1245/CT27-STB_S9_L004_R1_001.fastq.gz, ,reverse
CT27_TSC_L1,1,NGS_M_Sheridan_40616_run1/CT27_TSC_L001_ds.b44135192f5f478f8953c958469f8e1d/CT27-TSC_S7_L001_R1_001.fastq.gz, ,reverse
CT27_TSC_L2,1,NGS_M_Sheridan_40616_run1/CT27_TSC_L002_ds.8baf2158c9dc40ca9bd4a38f784f8c16/CT27-TSC_S7_L002_R1_001.fastq.gz, ,reverse
CT27_TSC_L3,1,NGS_M_Sheridan_40616_run1/CT27_TSC_L003_ds.95cef11b77f248e1b209840455f66eed/CT27-TSC_S7_L003_R1_001.fastq.gz, ,reverse
CT27_TSC_L4,1,NGS_M_Sheridan_40616_run1/CT27_TSC_L004_ds.f79715fe996b471d9ab970fc78830c93/CT27-TSC_S7_L004_R1_001.fastq.gz, ,reverse
CT29_EVT_L1,1,NGS_M_Sheridan_40616_run1/CT29_EVT_L001_ds.38f8a4ca219d4f8c8b2e9a6d622ca6e2/CT29-EVT_S11_L001_R1_001.fastq.gz, ,reverse
CT29_EVT_L2,1,NGS_M_Sheridan_40616_run1/CT29_EVT_L002_ds.663a3ad739174d3e85eb194aa1dd410f/CT29-EVT_S11_L002_R1_001.fastq.gz, ,reverse
CT29_EVT_L3,1,NGS_M_Sheridan_40616_run1/CT29_EVT_L003_ds.33ad57003c8f44ad955d2d97a1c1d4ce/CT29-EVT_S11_L003_R1_001.fastq.gz, ,reverse
CT29_EVT_L4,1,NGS_M_Sheridan_40616_run1/CT29_EVT_L004_ds.d9cabb6f5ab24e18b17141e56ed6c042/CT29-EVT_S11_L004_R1_001.fastq.gz, ,reverse
CT29_Okae_TOM_L1,1,NGS_M_Sheridan_40616_run1/CT29_Okae_TOM_L001_ds.6b5ae3f37d5e4c05bf40ee583d07a91f/CT29-Okae-TOM_S19_L001_R1_001.fastq.gz, ,reverse
CT29_Okae_TOM_L2,1,NGS_M_Sheridan_40616_run1/CT29_Okae_TOM_L002_ds.522f4e1ebb544f329b8a98bd9d3853e0/CT29-Okae-TOM_S19_L002_R1_001.fastq.gz, ,reverse
CT29_Okae_TOM_L3,1,NGS_M_Sheridan_40616_run1/CT29_Okae_TOM_L003_ds.2a603d44792545659be07530c4e68afa/CT29-Okae-TOM_S19_L003_R1_001.fastq.gz, ,reverse
CT29_Okae_TOM_L4,1,NGS_M_Sheridan_40616_run1/CT29_Okae_TOM_L004_ds.5ccec1ce63f3486d851d3892dcd7789c/CT29-Okae-TOM_S19_L004_R1_001.fastq.gz, ,reverse
CT29_STB_L1,1,NGS_M_Sheridan_40616_run1/CT29_STB_L001_ds.a14fddc02001486d9fb97cfc62536e66/CT29-STB_S12_L001_R1_001.fastq.gz, ,reverse
CT29_STB_L2,1,NGS_M_Sheridan_40616_run1/CT29_STB_L002_ds.bd5e9dbbf39c4b18b225b940f96ef289/CT29-STB_S12_L002_R1_001.fastq.gz, ,reverse
CT29_STB_L3,1,NGS_M_Sheridan_40616_run1/CT29_STB_L003_ds.eb598ee754604961a4a06bd29f7f2200/CT29-STB_S12_L003_R1_001.fastq.gz, ,reverse
CT29_STB_L4,1,NGS_M_Sheridan_40616_run1/CT29_STB_L004_ds.a0ac256ec610427fa94aea619c852032/CT29-STB_S12_L004_R1_001.fastq.gz, ,reverse
CT29_TSC_L1,1,NGS_M_Sheridan_40616_run1/CT29_TSC_L001_ds.fc53293a9340454d979c34a77f5243ae/CT29-TSC_S10_L001_R1_001.fastq.gz, ,reverse
CT29_TSC_L2,1,NGS_M_Sheridan_40616_run1/CT29_TSC_L002_ds.59da5bc234124e9c8e1f9318ae397d98/CT29-TSC_S10_L002_R1_001.fastq.gz, ,reverse
CT29_TSC_L3,1,NGS_M_Sheridan_40616_run1/CT29_TSC_L003_ds.bafcb04f59a24821bb72e8f6211aea68/CT29-TSC_S10_L003_R1_001.fastq.gz, ,reverse
CT29_TSC_L4,1,NGS_M_Sheridan_40616_run1/CT29_TSC_L004_ds.4d35d5cca9674fae90345b96142ed448/CT29-TSC_S10_L004_R1_001.fastq.gz, ,reverse
CT30_EVT_L1,1,NGS_M_Sheridan_40616_run1/CT30_EVT_L001_ds.a87da642901141409eb982d0f425545c/CT30-EVT_S14_L001_R1_001.fastq.gz, ,reverse
CT30_EVT_L2,1,NGS_M_Sheridan_40616_run1/CT30_EVT_L002_ds.e1d754cef98d4fc88f8a044328e8aa7a/CT30-EVT_S14_L002_R1_001.fastq.gz, ,reverse
CT30_EVT_L3,1,NGS_M_Sheridan_40616_run1/CT30_EVT_L003_ds.d89790b5ffe34183ad70b31db532997c/CT30-EVT_S14_L003_R1_001.fastq.gz, ,reverse
CT30_EVT_L4,1,NGS_M_Sheridan_40616_run1/CT30_EVT_L004_ds.8a23e49a6a8f4c2d92b71a5d25df633a/CT30-EVT_S14_L004_R1_001.fastq.gz, ,reverse
CT30_Okae_TOM_L1,1,NGS_M_Sheridan_40616_run1/CT30_Okae_TOM_L001_ds.d865ac06b3a74371a3ec95908ff2954d/CT30-Okae-TOM_S20_L001_R1_001.fastq.gz, ,reverse
CT30_Okae_TOM_L2,1,NGS_M_Sheridan_40616_run1/CT30_Okae_TOM_L002_ds.dadd4b537be144b29b3d4a735036df0b/CT30-Okae-TOM_S20_L002_R1_001.fastq.gz, ,reverse
CT30_Okae_TOM_L3,1,NGS_M_Sheridan_40616_run1/CT30_Okae_TOM_L003_ds.3f2aa6270a5741a98a1b7fe5a437fc13/CT30-Okae-TOM_S20_L003_R1_001.fastq.gz, ,reverse
CT30_Okae_TOM_L4,1,NGS_M_Sheridan_40616_run1/CT30_Okae_TOM_L004_ds.43fb6f47a43a405a8af26971443d15a3/CT30-Okae-TOM_S20_L004_R1_001.fastq.gz, ,reverse
CT30_STB_L1,1,NGS_M_Sheridan_40616_run1/CT30_STB_L001_ds.b41517f3a6a64bd88da41c6fc90babc7/CT30-STB_S15_L001_R1_001.fastq.gz, ,reverse
CT30_STB_L2,1,NGS_M_Sheridan_40616_run1/CT30_STB_L002_ds.a3b552fcbbbc4d93a96931855ba76dc2/CT30-STB_S15_L002_R1_001.fastq.gz, ,reverse
CT30_STB_L3,1,NGS_M_Sheridan_40616_run1/CT30_STB_L003_ds.e51254ee68fb4cf7b879ffbd25bb0f72/CT30-STB_S15_L003_R1_001.fastq.gz, ,reverse
CT30_STB_L4,1,NGS_M_Sheridan_40616_run1/CT30_STB_L004_ds.86642a4d44084bbcb8ca38f48629cbf0/CT30-STB_S15_L004_R1_001.fastq.gz, ,reverse
CT30_TSC_L1,1,NGS_M_Sheridan_40616_run1/CT30_TSC_L001_ds.0f1721d86b7844e28bce6831a1ea0d48/CT30-TSC_S13_L001_R1_001.fastq.gz, ,reverse
CT30_TSC_L2,1,NGS_M_Sheridan_40616_run1/CT30_TSC_L002_ds.e5d5718340114bcda07510d8234e67ae/CT30-TSC_S13_L002_R1_001.fastq.gz, ,reverse
CT30_TSC_L3,1,NGS_M_Sheridan_40616_run1/CT30_TSC_L003_ds.81b28821870e46e690a508cfed38c8f2/CT30-TSC_S13_L003_R1_001.fastq.gz, ,reverse
CT30_TSC_L4,1,NGS_M_Sheridan_40616_run1/CT30_TSC_L004_ds.c4fa5997a79c46d0aface6138e279b63/CT30-TSC_S13_L004_R1_001.fastq.gz, ,reverse
R053_org_EVT_L1,1,NGS_M_Sheridan_40616_run1/R053_org_EVT_L001_ds.24665c0fee89465d803285b6597eca84/R053-org-EVT_S28_L001_R1_001.fastq.gz, ,reverse
R053_org_EVT_L2,1,NGS_M_Sheridan_40616_run1/R053_org_EVT_L002_ds.8c82fb75753145d3af5498b6f0934efa/R053-org-EVT_S28_L002_R1_001.fastq.gz, ,reverse
R053_org_EVT_L3,1,NGS_M_Sheridan_40616_run1/R053_org_EVT_L003_ds.92ecdeed55874640893a377b8913d45d/R053-org-EVT_S28_L003_R1_001.fastq.gz, ,reverse
R053_org_EVT_L4,1,NGS_M_Sheridan_40616_run1/R053_org_EVT_L004_ds.22ad9d1ac3254ed8a579e25aa1c31164/R053-org-EVT_S28_L004_R1_001.fastq.gz, ,reverse
R053_org_TOM_L1,1,NGS_M_Sheridan_40616_run1/R053_org_TOM_L001_ds.8b9b1857c1604a7cb7826a9ef3495dba/R053-org-TOM_S27_L001_R1_001.fastq.gz, ,reverse
R053_org_TOM_L2,1,NGS_M_Sheridan_40616_run1/R053_org_TOM_L002_ds.bf4bd52ee90c42e8af35a186168cd240/R053-org-TOM_S27_L002_R1_001.fastq.gz, ,reverse
R053_org_TOM_L3,1,NGS_M_Sheridan_40616_run1/R053_org_TOM_L003_ds.abeb9e661ca54dbfacf85e1cd14d5c81/R053-org-TOM_S27_L003_R1_001.fastq.gz, ,reverse
R053_org_TOM_L4,1,NGS_M_Sheridan_40616_run1/R053_org_TOM_L004_ds.31337581725549b3bf426c2b7cd4f3d3/R053-org-TOM_S27_L004_R1_001.fastq.gz, ,reverse
W002_2D_fluffy_L1,1,NGS_M_Sheridan_40616_run1/W002_2D_fluffy_L001_ds.dc2577cac4aa4e1484449043270974ae/W002-2D-fluffy_S34_L001_R1_001.fastq.gz, ,reverse
W002_2D_fluffy_L2,1,NGS_M_Sheridan_40616_run1/W002_2D_fluffy_L002_ds.58e7e285c5fb4f0e9e7b16bc8596ae75/W002-2D-fluffy_S34_L002_R1_001.fastq.gz, ,reverse
W002_2D_fluffy_L3,1,NGS_M_Sheridan_40616_run1/W002_2D_fluffy_L003_ds.032c6f89fe8e4667b0b94638af5c5719/W002-2D-fluffy_S34_L003_R1_001.fastq.gz, ,reverse
W002_2D_fluffy_L4,1,NGS_M_Sheridan_40616_run1/W002_2D_fluffy_L004_ds.f4f6a00d6fdb4beba0b62818f690b913/W002-2D-fluffy_S34_L004_R1_001.fastq.gz, ,reverse
X011_org_EVT_L1,1,NGS_M_Sheridan_40616_run1/X011_org_EVT_L001_ds.15cf61c199304eb6803155a050d1ea09/X011-org-EVT_S22_L001_R1_001.fastq.gz, ,reverse
X011_org_EVT_L2,1,NGS_M_Sheridan_40616_run1/X011_org_EVT_L002_ds.49f6910c718e4585ab5fcf9a33c8af05/X011-org-EVT_S22_L002_R1_001.fastq.gz, ,reverse
X011_org_EVT_L3,1,NGS_M_Sheridan_40616_run1/X011_org_EVT_L003_ds.8dffbab64a634b82872606de01428a1a/X011-org-EVT_S22_L003_R1_001.fastq.gz, ,reverse
X011_org_EVT_L4,1,NGS_M_Sheridan_40616_run1/X011_org_EVT_L004_ds.a5dedff199324f18bc10af923b817183/X011-org-EVT_S22_L004_R1_001.fastq.gz, ,reverse
X011_org_TOM_L1,1,NGS_M_Sheridan_40616_run1/X011_org_TOM_L001_ds.92caf238cc3144bf96a170cb6cff4a20/X011-org-TOM_S21_L001_R1_001.fastq.gz, ,reverse
X011_org_TOM_L2,1,NGS_M_Sheridan_40616_run1/X011_org_TOM_L002_ds.453e8da7d5d547e39df475f945384bd6/X011-org-TOM_S21_L002_R1_001.fastq.gz, ,reverse
X011_org_TOM_L3,1,NGS_M_Sheridan_40616_run1/X011_org_TOM_L003_ds.a7236d3fc4564fe1bb7da1de3b095b1f/X011-org-TOM_S21_L003_R1_001.fastq.gz, ,reverse
X011_org_TOM_L4,1,NGS_M_Sheridan_40616_run1/X011_org_TOM_L004_ds.5bd34c1e446b4d5bb865399e107d096f/X011-org-TOM_S21_L004_R1_001.fastq.gz, ,reverse
X021_org_EVT_L1,1,NGS_M_Sheridan_40616_run1/X021_org_EVT_L001_ds.892d242f83114c3fb1861b6f362d1e1e/X021-org-EVT_S24_L001_R1_001.fastq.gz, ,reverse
X021_org_EVT_L2,1,NGS_M_Sheridan_40616_run1/X021_org_EVT_L002_ds.076afe9239ec4a3ba81aa2f05240ce33/X021-org-EVT_S24_L002_R1_001.fastq.gz, ,reverse
X021_org_EVT_L3,1,NGS_M_Sheridan_40616_run1/X021_org_EVT_L003_ds.e8ff87f25cbd47be8983300901250dca/X021-org-EVT_S24_L003_R1_001.fastq.gz, ,reverse
X021_org_EVT_L4,1,NGS_M_Sheridan_40616_run1/X021_org_EVT_L004_ds.6659475395b642cb98ee3e78297d9864/X021-org-EVT_S24_L004_R1_001.fastq.gz, ,reverse
X021_org_TOM_L1,1,NGS_M_Sheridan_40616_run1/X021_org_TOM_L001_ds.1db32976aa45402ab022b66f3060f508/X021-org-TOM_S23_L001_R1_001.fastq.gz, ,reverse
X021_org_TOM_L2,1,NGS_M_Sheridan_40616_run1/X021_org_TOM_L002_ds.71052422ca0147969fba06a2126a7f12/X021-org-TOM_S23_L002_R1_001.fastq.gz, ,reverse
X021_org_TOM_L3,1,NGS_M_Sheridan_40616_run1/X021_org_TOM_L003_ds.cd3d1bb88cbc455687ac58c9ecb5b625/X021-org-TOM_S23_L003_R1_001.fastq.gz, ,reverse
X021_org_TOM_L4,1,NGS_M_Sheridan_40616_run1/X021_org_TOM_L004_ds.1f0663c61ede4419a7d12cbbc5b2ea41/X021-org-TOM_S23_L004_R1_001.fastq.gz, ,reverse
X035_org_EVT_L1,1,NGS_M_Sheridan_40616_run1/X035_org_EVT_L001_ds.ab7af1b334ab461d8b35f4f8fafcf731/X035-org-EVT_S26_L001_R1_001.fastq.gz, ,reverse
X035_org_EVT_L2,1,NGS_M_Sheridan_40616_run1/X035_org_EVT_L002_ds.61a628239a4448749bfeeb9d84bbb37d/X035-org-EVT_S26_L002_R1_001.fastq.gz, ,reverse
X035_org_EVT_L3,1,NGS_M_Sheridan_40616_run1/X035_org_EVT_L003_ds.e46e4963f1e74040b677231fb3b6aee5/X035-org-EVT_S26_L003_R1_001.fastq.gz, ,reverse
X035_org_EVT_L4,1,NGS_M_Sheridan_40616_run1/X035_org_EVT_L004_ds.a2b183e26f30463a8d7cf3e214603f51/X035-org-EVT_S26_L004_R1_001.fastq.gz, ,reverse
X035_org_TOM_L1,1,NGS_M_Sheridan_40616_run1/X035_org_TOM_L001_ds.25d50febd7db4ab189dfe10d5a899ece/X035-org-TOM_S25_L001_R1_001.fastq.gz, ,reverse
X035_org_TOM_L2,1,NGS_M_Sheridan_40616_run1/X035_org_TOM_L002_ds.3fce6b9a7f09467d90c4733c1fee4311/X035-org-TOM_S25_L002_R1_001.fastq.gz, ,reverse
X035_org_TOM_L3,1,NGS_M_Sheridan_40616_run1/X035_org_TOM_L003_ds.620f14f1d7214eaf9522d993f241aca5/X035-org-TOM_S25_L003_R1_001.fastq.gz, ,reverse
X035_org_TOM_L4,1,NGS_M_Sheridan_40616_run1/X035_org_TOM_L004_ds.b34aad55b91d4864b7d2e7e7100a0417/X035-org-TOM_S25_L004_R1_001.fastq.gz, ,reverse
X039_3D_fluffy_L1,1,NGS_M_Sheridan_40616_run1/X039_3D_fluffy_L001_ds.8eea6b765cf347e99fa8532e480fb463/X039-3D-fluffy_S29_L001_R1_001.fastq.gz, ,reverse
X039_3D_fluffy_L2,1,NGS_M_Sheridan_40616_run1/X039_3D_fluffy_L002_ds.8845c9983554426b8749609bc9de8fd7/X039-3D-fluffy_S29_L002_R1_001.fastq.gz, ,reverse
X039_3D_fluffy_L3,1,NGS_M_Sheridan_40616_run1/X039_3D_fluffy_L003_ds.c80d4a2c0514485b9010ee4507bf9e92/X039-3D-fluffy_S29_L003_R1_001.fastq.gz, ,reverse
X039_3D_fluffy_L4,1,NGS_M_Sheridan_40616_run1/X039_3D_fluffy_L004_ds.33ea4030659e4503956845f2ccf3f9a8/X039-3D-fluffy_S29_L004_R1_001.fastq.gz, ,reverse
X041_3D_fluffy_L1,1,NGS_M_Sheridan_40616_run1/X041_3D_fluffy_L001_ds.69f0abed85f644ad89c32b1ab34f10d7/X041-3D-fluffy_S30_L001_R1_001.fastq.gz, ,reverse
X041_3D_fluffy_L2,1,NGS_M_Sheridan_40616_run1/X041_3D_fluffy_L002_ds.15e186c0fb14438b972b96c04d5e2051/X041-3D-fluffy_S30_L002_R1_001.fastq.gz, ,reverse
X041_3D_fluffy_L3,1,NGS_M_Sheridan_40616_run1/X041_3D_fluffy_L003_ds.d1ac812af11042d79b6a8edd8dac1ced/X041-3D-fluffy_S30_L003_R1_001.fastq.gz, ,reverse
X041_3D_fluffy_L4,1,NGS_M_Sheridan_40616_run1/X041_3D_fluffy_L004_ds.091dfd897c924908b14dd1c614f7c2d0/X041-3D-fluffy_S30_L004_R1_001.fastq.gz, ,reverse
X044_2D_fluffy_L1,1,NGS_M_Sheridan_40616_run1/X044_2D_fluffy_L001_ds.c9b9181b17394c94976922d841b551d3/X044-2D-fluffy_S33_L001_R1_001.fastq.gz, ,reverse
X044_2D_fluffy_L2,1,NGS_M_Sheridan_40616_run1/X044_2D_fluffy_L002_ds.10ba5cab000349dabc49d22b3f2883b4/X044-2D-fluffy_S33_L002_R1_001.fastq.gz, ,reverse
X044_2D_fluffy_L3,1,NGS_M_Sheridan_40616_run1/X044_2D_fluffy_L003_ds.d775d3bc188045c3b35f719cbd242ed9/X044-2D-fluffy_S33_L003_R1_001.fastq.gz, ,reverse
X044_2D_fluffy_L4,1,NGS_M_Sheridan_40616_run1/X044_2D_fluffy_L004_ds.7f5bf4c725c84c30a9a6032982a8ab52/X044-2D-fluffy_S33_L004_R1_001.fastq.gz, ,reverse
X076_3D_fluffy_L1,1,NGS_M_Sheridan_40616_run1/X076_3D_fluffy_L001_ds.1b1e4bcfaa8443b783ef0390bc4f886a/X076-3D-fluffy_S31_L001_R1_001.fastq.gz, ,reverse
X076_3D_fluffy_L2,1,NGS_M_Sheridan_40616_run1/X076_3D_fluffy_L002_ds.bbebefd8e9584335b7875ed0a9c0b015/X076-3D-fluffy_S31_L002_R1_001.fastq.gz, ,reverse
X076_3D_fluffy_L3,1,NGS_M_Sheridan_40616_run1/X076_3D_fluffy_L003_ds.fdab323f17384638a5861017fce679e9/X076-3D-fluffy_S31_L003_R1_001.fastq.gz, ,reverse
X076_3D_fluffy_L4,1,NGS_M_Sheridan_40616_run1/X076_3D_fluffy_L004_ds.f4e60d21f7cf40f793e65d9ef539e420/X076-3D-fluffy_S31_L004_R1_001.fastq.gz, ,reverse
X104_3D_fluffy_L1,1,NGS_M_Sheridan_40616_run1/X104_3D_fluffy_L001_ds.07929d95a87848daa1421722fb509dfd/X104-3D-fluffy_S32_L001_R1_001.fastq.gz, ,reverse
X104_3D_fluffy_L2,1,NGS_M_Sheridan_40616_run1/X104_3D_fluffy_L002_ds.8180c2cc0a7e4e0f95bf05acc815b638/X104-3D-fluffy_S32_L002_R1_001.fastq.gz, ,reverse
X104_3D_fluffy_L3,1,NGS_M_Sheridan_40616_run1/X104_3D_fluffy_L003_ds.6782ea2c3b6f4da288f49f760237c335/X104-3D-fluffy_S32_L003_R1_001.fastq.gz, ,reverse
X104_3D_fluffy_L4,1,NGS_M_Sheridan_40616_run1/X104_3D_fluffy_L004_ds.149556a439c34ccda6fd40813ecfd447/X104-3D-fluffy_S32_L004_R1_001.fastq.gz, ,reverse
BTS11_EVT_L1,2,NGS_M_Sheridan_40616_run2/BTS11_EVT_L001_ds.dbabcc0eaa5f4ae79eedd000e1286196/BTS11-EVT_S5_L001_R1_001.fastq.gz, ,reverse
BTS11_EVT_L2,2,NGS_M_Sheridan_40616_run2/BTS11_EVT_L002_ds.f6f42c17e7b1402b9efa5423d05ebe3b/BTS11-EVT_S5_L002_R1_001.fastq.gz, ,reverse
BTS11_EVT_L3,2,NGS_M_Sheridan_40616_run2/BTS11_EVT_L003_ds.f2a3499f846046108bd6c86b8f19234b/BTS11-EVT_S5_L003_R1_001.fastq.gz, ,reverse
BTS11_EVT_L4,2,NGS_M_Sheridan_40616_run2/BTS11_EVT_L004_ds.5ade4c4f8108457198b82b192c66c325/BTS11-EVT_S5_L004_R1_001.fastq.gz, ,reverse
BTS11_Okae_TOM_L1,2,NGS_M_Sheridan_40616_run2/BTS11_Okae_TOM_L001_ds.0fc65652c36c46a0ae75a9759864a519/BTS11-Okae-TOM_S17_L001_R1_001.fastq.gz, ,reverse
BTS11_Okae_TOM_L2,2,NGS_M_Sheridan_40616_run2/BTS11_Okae_TOM_L002_ds.8a41a9e24c40470fb04163a243b815c3/BTS11-Okae-TOM_S17_L002_R1_001.fastq.gz, ,reverse
BTS11_Okae_TOM_L3,2,NGS_M_Sheridan_40616_run2/BTS11_Okae_TOM_L003_ds.b3471edc4912431e9193069ee6bda9cc/BTS11-Okae-TOM_S17_L003_R1_001.fastq.gz, ,reverse
BTS11_Okae_TOM_L4,2,NGS_M_Sheridan_40616_run2/BTS11_Okae_TOM_L004_ds.3763cc2639e5446b94011e45aca982bf/BTS11-Okae-TOM_S17_L004_R1_001.fastq.gz, ,reverse
BTS11_STB_L1,2,NGS_M_Sheridan_40616_run2/BTS11_STB_L001_ds.38b5a48c8b974259afc86a5fce65ae9b/BTS11-STB_S6_L001_R1_001.fastq.gz, ,reverse
BTS11_STB_L2,2,NGS_M_Sheridan_40616_run2/BTS11_STB_L002_ds.1f59688ecaec4ed58ee73d351e067cea/BTS11-STB_S6_L002_R1_001.fastq.gz, ,reverse
BTS11_STB_L3,2,NGS_M_Sheridan_40616_run2/BTS11_STB_L003_ds.aa21330e1df94f58a4e0416058ff6f11/BTS11-STB_S6_L003_R1_001.fastq.gz, ,reverse
BTS11_STB_L4,2,NGS_M_Sheridan_40616_run2/BTS11_STB_L004_ds.e559667f04a04b06a7d48fae8163c005/BTS11-STB_S6_L004_R1_001.fastq.gz, ,reverse
BTS11_TSC_L1,2,NGS_M_Sheridan_40616_run2/BTS11_TSC_L001_ds.08936cbeb90446e6815e420e194d1a51/BTS11-TSC_S4_L001_R1_001.fastq.gz, ,reverse
BTS11_TSC_L2,2,NGS_M_Sheridan_40616_run2/BTS11_TSC_L002_ds.63624f28070d4f5fb9daf7d064e6a1cf/BTS11-TSC_S4_L002_R1_001.fastq.gz, ,reverse
BTS11_TSC_L3,2,NGS_M_Sheridan_40616_run2/BTS11_TSC_L003_ds.c7e1578a4cbf4938adab8a80ba914377/BTS11-TSC_S4_L003_R1_001.fastq.gz, ,reverse
BTS11_TSC_L4,2,NGS_M_Sheridan_40616_run2/BTS11_TSC_L004_ds.079455287a1a44c9adc38e57ecedad57/BTS11-TSC_S4_L004_R1_001.fastq.gz, ,reverse
BTS5_EVT_L1,2,NGS_M_Sheridan_40616_run2/BTS5_EVT_L001_ds.31e40771f62f476c8d4aea867a1a23ec/BTS5-EVT_S2_L001_R1_001.fastq.gz, ,reverse
BTS5_EVT_L2,2,NGS_M_Sheridan_40616_run2/BTS5_EVT_L002_ds.5d4a264c1c15492386f20bac0af9a4fc/BTS5-EVT_S2_L002_R1_001.fastq.gz, ,reverse
BTS5_EVT_L3,2,NGS_M_Sheridan_40616_run2/BTS5_EVT_L003_ds.7b9538d85f32427baa6040cb86284ac3/BTS5-EVT_S2_L003_R1_001.fastq.gz, ,reverse
BTS5_EVT_L4,2,NGS_M_Sheridan_40616_run2/BTS5_EVT_L004_ds.bc6b2d16983a422d8ddd97aceb290d47/BTS5-EVT_S2_L004_R1_001.fastq.gz, ,reverse
BTS5_Okae_TOM_L1,2,NGS_M_Sheridan_40616_run2/BTS5_Okae_TOM_L001_ds.4a6f69f654a24606b553458fa1a709a5/BTS5-Okae-TOM_S16_L001_R1_001.fastq.gz, ,reverse
BTS5_Okae_TOM_L2,2,NGS_M_Sheridan_40616_run2/BTS5_Okae_TOM_L002_ds.e023833cee374dad80199add5a3aa5f0/BTS5-Okae-TOM_S16_L002_R1_001.fastq.gz, ,reverse
BTS5_Okae_TOM_L3,2,NGS_M_Sheridan_40616_run2/BTS5_Okae_TOM_L003_ds.44ebcb2720274a0e95189c3a01abb1a4/BTS5-Okae-TOM_S16_L003_R1_001.fastq.gz, ,reverse
BTS5_Okae_TOM_L4,2,NGS_M_Sheridan_40616_run2/BTS5_Okae_TOM_L004_ds.0d734f4a908e49158c25b6399a2ebf20/BTS5-Okae-TOM_S16_L004_R1_001.fastq.gz, ,reverse
BTS5_STB_L1,2,NGS_M_Sheridan_40616_run2/BTS5_STB_L001_ds.7d8c907ae8b24ddcb3c33aa8a0769111/BTS5-STB_S3_L001_R1_001.fastq.gz, ,reverse
BTS5_STB_L2,2,NGS_M_Sheridan_40616_run2/BTS5_STB_L002_ds.a119c94bd49840ffab0273cd2a66786a/BTS5-STB_S3_L002_R1_001.fastq.gz, ,reverse
BTS5_STB_L3,2,NGS_M_Sheridan_40616_run2/BTS5_STB_L003_ds.4ed8d0e9a80e4b089c00124fc1038e4f/BTS5-STB_S3_L003_R1_001.fastq.gz, ,reverse
BTS5_STB_L4,2,NGS_M_Sheridan_40616_run2/BTS5_STB_L004_ds.15ee99f875cb496896379675328d16e6/BTS5-STB_S3_L004_R1_001.fastq.gz, ,reverse
BTS5_TSC_L1,2,NGS_M_Sheridan_40616_run2/BTS5_TSC_L001_ds.cb21d7d4ab4544d58bbe4d816b32df06/BTS5-TSC_S1_L001_R1_001.fastq.gz, ,reverse
BTS5_TSC_L2,2,NGS_M_Sheridan_40616_run2/BTS5_TSC_L002_ds.ace2c5f91e9d4efeabf7a8a83cf600bc/BTS5-TSC_S1_L002_R1_001.fastq.gz, ,reverse
BTS5_TSC_L3,2,NGS_M_Sheridan_40616_run2/BTS5_TSC_L003_ds.df683f0d8fe64e4396aa528cf28979bc/BTS5-TSC_S1_L003_R1_001.fastq.gz, ,reverse
BTS5_TSC_L4,2,NGS_M_Sheridan_40616_run2/BTS5_TSC_L004_ds.60bc5b2ac6ff4b6c82622f6fa1337b36/BTS5-TSC_S1_L004_R1_001.fastq.gz, ,reverse
CT27_EVT_L1,2,NGS_M_Sheridan_40616_run2/CT27_EVT_L001_ds.5abcf9e575c1431e936e08844080bfdb/CT27-EVT_S8_L001_R1_001.fastq.gz, ,reverse
CT27_EVT_L2,2,NGS_M_Sheridan_40616_run2/CT27_EVT_L002_ds.2621f8a6243a4644968d929e96dd4a67/CT27-EVT_S8_L002_R1_001.fastq.gz, ,reverse
CT27_EVT_L3,2,NGS_M_Sheridan_40616_run2/CT27_EVT_L003_ds.77f093ed10e44d6a97744abd38d4eaaf/CT27-EVT_S8_L003_R1_001.fastq.gz, ,reverse
CT27_EVT_L4,2,NGS_M_Sheridan_40616_run2/CT27_EVT_L004_ds.2cf265a5116348cd8d63694f6ff24368/CT27-EVT_S8_L004_R1_001.fastq.gz, ,reverse
CT27_Okae_TOM_L1,2,NGS_M_Sheridan_40616_run2/CT27_Okae_TOM_L001_ds.cb617435b6c9464d8598dd500409bee7/CT27-Okae-TOM_S18_L001_R1_001.fastq.gz, ,reverse
CT27_Okae_TOM_L2,2,NGS_M_Sheridan_40616_run2/CT27_Okae_TOM_L002_ds.844530fe16164211acb57402f9d9926f/CT27-Okae-TOM_S18_L002_R1_001.fastq.gz, ,reverse
CT27_Okae_TOM_L3,2,NGS_M_Sheridan_40616_run2/CT27_Okae_TOM_L003_ds.7e900e916ca04aa6ba594475e13345db/CT27-Okae-TOM_S18_L003_R1_001.fastq.gz, ,reverse
CT27_Okae_TOM_L4,2,NGS_M_Sheridan_40616_run2/CT27_Okae_TOM_L004_ds.fcd17ae24590400b81d8397dc51cb1ba/CT27-Okae-TOM_S18_L004_R1_001.fastq.gz, ,reverse
CT27_STB_L1,2,NGS_M_Sheridan_40616_run2/CT27_STB_L001_ds.486a5b536dc3474dae19be612faead9f/CT27-STB_S9_L001_R1_001.fastq.gz, ,reverse
CT27_STB_L2,2,NGS_M_Sheridan_40616_run2/CT27_STB_L002_ds.d578dc677cf34942a34137a5791fc06f/CT27-STB_S9_L002_R1_001.fastq.gz, ,reverse
CT27_STB_L3,2,NGS_M_Sheridan_40616_run2/CT27_STB_L003_ds.ffe351b4889949748bd5bb9ac9410af8/CT27-STB_S9_L003_R1_001.fastq.gz, ,reverse
CT27_STB_L4,2,NGS_M_Sheridan_40616_run2/CT27_STB_L004_ds.c7ec9047eac34a4e9fccba233edc06b7/CT27-STB_S9_L004_R1_001.fastq.gz, ,reverse
CT27_TSC_L1,2,NGS_M_Sheridan_40616_run2/CT27_TSC_L001_ds.9532bdcd4e6941f1a8a8025e7963fb08/CT27-TSC_S7_L001_R1_001.fastq.gz, ,reverse
CT27_TSC_L2,2,NGS_M_Sheridan_40616_run2/CT27_TSC_L002_ds.683c03e037764e968a359bdf662d2bf5/CT27-TSC_S7_L002_R1_001.fastq.gz, ,reverse
CT27_TSC_L3,2,NGS_M_Sheridan_40616_run2/CT27_TSC_L003_ds.154e27fd236546ac9519545b6117eea1/CT27-TSC_S7_L003_R1_001.fastq.gz, ,reverse
CT27_TSC_L4,2,NGS_M_Sheridan_40616_run2/CT27_TSC_L004_ds.422786779e214e88a20768e39bdaccea/CT27-TSC_S7_L004_R1_001.fastq.gz, ,reverse
CT29_EVT_L1,2,NGS_M_Sheridan_40616_run2/CT29_EVT_L001_ds.68641a36e1114298ad5150c62200faaa/CT29-EVT_S11_L001_R1_001.fastq.gz, ,reverse
CT29_EVT_L2,2,NGS_M_Sheridan_40616_run2/CT29_EVT_L002_ds.084977648f4d4488bb20cade46ad63bd/CT29-EVT_S11_L002_R1_001.fastq.gz, ,reverse
CT29_EVT_L3,2,NGS_M_Sheridan_40616_run2/CT29_EVT_L003_ds.d596e6e1fe914e08bf022d8e6366ac60/CT29-EVT_S11_L003_R1_001.fastq.gz, ,reverse
CT29_EVT_L4,2,NGS_M_Sheridan_40616_run2/CT29_EVT_L004_ds.3c2414ebf6fe45fdbd86c523d3fe98c8/CT29-EVT_S11_L004_R1_001.fastq.gz, ,reverse
CT29_Okae_TOM_L1,2,NGS_M_Sheridan_40616_run2/CT29_Okae_TOM_L001_ds.a7ae26d41d694c18b874a2526deb375a/CT29-Okae-TOM_S19_L001_R1_001.fastq.gz, ,reverse
CT29_Okae_TOM_L2,2,NGS_M_Sheridan_40616_run2/CT29_Okae_TOM_L002_ds.c2a88af1289f41c1ad4a9abb2c6f1a19/CT29-Okae-TOM_S19_L002_R1_001.fastq.gz, ,reverse
CT29_Okae_TOM_L3,2,NGS_M_Sheridan_40616_run2/CT29_Okae_TOM_L003_ds.359fecd22f2342e6876d9b0f21ce597d/CT29-Okae-TOM_S19_L003_R1_001.fastq.gz, ,reverse
CT29_Okae_TOM_L4,2,NGS_M_Sheridan_40616_run2/CT29_Okae_TOM_L004_ds.d294c8be545e436f929dabdc85c113c4/CT29-Okae-TOM_S19_L004_R1_001.fastq.gz, ,reverse
CT29_STB_L1,2,NGS_M_Sheridan_40616_run2/CT29_STB_L001_ds.0e18745acc9d40b391f60b8d8dbde409/CT29-STB_S12_L001_R1_001.fastq.gz, ,reverse
CT29_STB_L2,2,NGS_M_Sheridan_40616_run2/CT29_STB_L002_ds.1da8274ba0714b128522cb30873e7021/CT29-STB_S12_L002_R1_001.fastq.gz, ,reverse
CT29_STB_L3,2,NGS_M_Sheridan_40616_run2/CT29_STB_L003_ds.2daa97b1dce04d418e46e0ac832d7298/CT29-STB_S12_L003_R1_001.fastq.gz, ,reverse
CT29_STB_L4,2,NGS_M_Sheridan_40616_run2/CT29_STB_L004_ds.2d56fa1a5c93444ca26482c81d20aafb/CT29-STB_S12_L004_R1_001.fastq.gz, ,reverse
CT29_TSC_L1,2,NGS_M_Sheridan_40616_run2/CT29_TSC_L001_ds.620a443bc65642cba377b4fb301fcf14/CT29-TSC_S10_L001_R1_001.fastq.gz, ,reverse
CT29_TSC_L2,2,NGS_M_Sheridan_40616_run2/CT29_TSC_L002_ds.012de33e6589440ea6c4cd991fefd596/CT29-TSC_S10_L002_R1_001.fastq.gz, ,reverse
CT29_TSC_L3,2,NGS_M_Sheridan_40616_run2/CT29_TSC_L003_ds.ec073eee65ae4b92b721d80a0ae4eac1/CT29-TSC_S10_L003_R1_001.fastq.gz, ,reverse
CT29_TSC_L4,2,NGS_M_Sheridan_40616_run2/CT29_TSC_L004_ds.d2f2d92b265e4d9a8a18766715c04bbd/CT29-TSC_S10_L004_R1_001.fastq.gz, ,reverse
CT30_EVT_L1,2,NGS_M_Sheridan_40616_run2/CT30_EVT_L001_ds.81329da50108488bb15cce6739b7e65e/CT30-EVT_S14_L001_R1_001.fastq.gz, ,reverse
CT30_EVT_L2,2,NGS_M_Sheridan_40616_run2/CT30_EVT_L002_ds.92a03e445a4f4808a519cec8fb5e7b3f/CT30-EVT_S14_L002_R1_001.fastq.gz, ,reverse
CT30_EVT_L3,2,NGS_M_Sheridan_40616_run2/CT30_EVT_L003_ds.6528c3d92fa8495b9e17b536804127ec/CT30-EVT_S14_L003_R1_001.fastq.gz, ,reverse
CT30_EVT_L4,2,NGS_M_Sheridan_40616_run2/CT30_EVT_L004_ds.8ecd3f3b470d41e3b53e76afd74fb369/CT30-EVT_S14_L004_R1_001.fastq.gz, ,reverse
CT30_Okae_TOM_L1,2,NGS_M_Sheridan_40616_run2/CT30_Okae_TOM_L001_ds.a7463b5ac109482a81c58336dad23f1d/CT30-Okae-TOM_S20_L001_R1_001.fastq.gz, ,reverse
CT30_Okae_TOM_L2,2,NGS_M_Sheridan_40616_run2/CT30_Okae_TOM_L002_ds.f7d06d9716e943a58b97d074bc533b39/CT30-Okae-TOM_S20_L002_R1_001.fastq.gz, ,reverse
CT30_Okae_TOM_L3,2,NGS_M_Sheridan_40616_run2/CT30_Okae_TOM_L003_ds.8545de3020b4450db262c0a6e1b61916/CT30-Okae-TOM_S20_L003_R1_001.fastq.gz, ,reverse
CT30_Okae_TOM_L4,2,NGS_M_Sheridan_40616_run2/CT30_Okae_TOM_L004_ds.9386447749f2422abb51de72b0482f47/CT30-Okae-TOM_S20_L004_R1_001.fastq.gz, ,reverse
CT30_STB_L1,2,NGS_M_Sheridan_40616_run2/CT30_STB_L001_ds.d78bb25538324a5398adfe24b0b687b8/CT30-STB_S15_L001_R1_001.fastq.gz, ,reverse
CT30_STB_L2,2,NGS_M_Sheridan_40616_run2/CT30_STB_L002_ds.e739829868e84dda883ff068c0a525c3/CT30-STB_S15_L002_R1_001.fastq.gz, ,reverse
CT30_STB_L3,2,NGS_M_Sheridan_40616_run2/CT30_STB_L003_ds.40f3d294a1424dcc9c3054feb74fd264/CT30-STB_S15_L003_R1_001.fastq.gz, ,reverse
CT30_STB_L4,2,NGS_M_Sheridan_40616_run2/CT30_STB_L004_ds.c925a88f5bc34154a5cea5191e5a98e3/CT30-STB_S15_L004_R1_001.fastq.gz, ,reverse
CT30_TSC_L1,2,NGS_M_Sheridan_40616_run2/CT30_TSC_L001_ds.5648bcbfbfcd47b9b01927a42cb4bd27/CT30-TSC_S13_L001_R1_001.fastq.gz, ,reverse
CT30_TSC_L2,2,NGS_M_Sheridan_40616_run2/CT30_TSC_L002_ds.e967beb4d66740e884b889e7f331975d/CT30-TSC_S13_L002_R1_001.fastq.gz, ,reverse
CT30_TSC_L3,2,NGS_M_Sheridan_40616_run2/CT30_TSC_L003_ds.398a66dbaac14885ac3a0d24353930c0/CT30-TSC_S13_L003_R1_001.fastq.gz, ,reverse
CT30_TSC_L4,2,NGS_M_Sheridan_40616_run2/CT30_TSC_L004_ds.3282071e14564aefb31ce327d1b97cfc/CT30-TSC_S13_L004_R1_001.fastq.gz, ,reverse
R053_org_EVT_L1,2,NGS_M_Sheridan_40616_run2/R053_org_EVT_L001_ds.e54d5639047f4f76966d8291a090ae56/R053-org-EVT_S28_L001_R1_001.fastq.gz, ,reverse
R053_org_EVT_L2,2,NGS_M_Sheridan_40616_run2/R053_org_EVT_L002_ds.0c463f2de0624d50b24e14c3402058d2/R053-org-EVT_S28_L002_R1_001.fastq.gz, ,reverse
R053_org_EVT_L3,2,NGS_M_Sheridan_40616_run2/R053_org_EVT_L003_ds.266f08886c7d49aebf8a1ba7571ec87e/R053-org-EVT_S28_L003_R1_001.fastq.gz, ,reverse
R053_org_EVT_L4,2,NGS_M_Sheridan_40616_run2/R053_org_EVT_L004_ds.807e25530ad8402db293ade74b68d10d/R053-org-EVT_S28_L004_R1_001.fastq.gz, ,reverse
R053_org_TOM_L1,2,NGS_M_Sheridan_40616_run2/R053_org_TOM_L001_ds.2e624c54843b44e083b3177ad3638a8b/R053-org-TOM_S27_L001_R1_001.fastq.gz, ,reverse
R053_org_TOM_L2,2,NGS_M_Sheridan_40616_run2/R053_org_TOM_L002_ds.8767295a6832487a9d249b8e5775aba4/R053-org-TOM_S27_L002_R1_001.fastq.gz, ,reverse
R053_org_TOM_L3,2,NGS_M_Sheridan_40616_run2/R053_org_TOM_L003_ds.706f5b0bfb414107a431cea56fb83383/R053-org-TOM_S27_L003_R1_001.fastq.gz, ,reverse
R053_org_TOM_L4,2,NGS_M_Sheridan_40616_run2/R053_org_TOM_L004_ds.c29150b58fbd412b9502d1bb916caa34/R053-org-TOM_S27_L004_R1_001.fastq.gz, ,reverse
W002_2D_fluffy_L1,2,NGS_M_Sheridan_40616_run2/W002_2D_fluffy_L001_ds.afca90fd6a104d6da14ecbed8957ccb7/W002-2D-fluffy_S34_L001_R1_001.fastq.gz, ,reverse
W002_2D_fluffy_L2,2,NGS_M_Sheridan_40616_run2/W002_2D_fluffy_L002_ds.248da094cbb441688fef9aefca8ddaf6/W002-2D-fluffy_S34_L002_R1_001.fastq.gz, ,reverse
W002_2D_fluffy_L3,2,NGS_M_Sheridan_40616_run2/W002_2D_fluffy_L003_ds.3350b107ac764bf1b644e6be0aba2e9b/W002-2D-fluffy_S34_L003_R1_001.fastq.gz, ,reverse
W002_2D_fluffy_L4,2,NGS_M_Sheridan_40616_run2/W002_2D_fluffy_L004_ds.a8105e7952d7467483c1ef10405ad6b9/W002-2D-fluffy_S34_L004_R1_001.fastq.gz, ,reverse
X011_org_EVT_L1,2,NGS_M_Sheridan_40616_run2/X011_org_EVT_L001_ds.f3aad10c3c684c778da08cf20c67275e/X011-org-EVT_S22_L001_R1_001.fastq.gz, ,reverse
X011_org_EVT_L2,2,NGS_M_Sheridan_40616_run2/X011_org_EVT_L002_ds.1d9eaa0d0e03431dad4b52496888596b/X011-org-EVT_S22_L002_R1_001.fastq.gz, ,reverse
X011_org_EVT_L3,2,NGS_M_Sheridan_40616_run2/X011_org_EVT_L003_ds.684f7c19c13e44d4b5b0853f72158758/X011-org-EVT_S22_L003_R1_001.fastq.gz, ,reverse
X011_org_EVT_L4,2,NGS_M_Sheridan_40616_run2/X011_org_EVT_L004_ds.58333aa9811340eba29a369686bb9b13/X011-org-EVT_S22_L004_R1_001.fastq.gz, ,reverse
X011_org_TOM_L1,2,NGS_M_Sheridan_40616_run2/X011_org_TOM_L001_ds.6b12abc08e374b63a7f360ecbf52ce20/X011-org-TOM_S21_L001_R1_001.fastq.gz, ,reverse
X011_org_TOM_L2,2,NGS_M_Sheridan_40616_run2/X011_org_TOM_L002_ds.b24139d7be41414a86c02f531e69bf30/X011-org-TOM_S21_L002_R1_001.fastq.gz, ,reverse
X011_org_TOM_L3,2,NGS_M_Sheridan_40616_run2/X011_org_TOM_L003_ds.e727258fdc31409da609112c45d36f9e/X011-org-TOM_S21_L003_R1_001.fastq.gz, ,reverse
X011_org_TOM_L4,2,NGS_M_Sheridan_40616_run2/X011_org_TOM_L004_ds.c5691f7229a84c1890499b27212f2e74/X011-org-TOM_S21_L004_R1_001.fastq.gz, ,reverse
X021_org_EVT_L1,2,NGS_M_Sheridan_40616_run2/X021_org_EVT_L001_ds.1f96d51552dc437da68f17373686404c/X021-org-EVT_S24_L001_R1_001.fastq.gz, ,reverse
X021_org_EVT_L2,2,NGS_M_Sheridan_40616_run2/X021_org_EVT_L002_ds.6334731cdd3d4c8bb04155cccfd41fb3/X021-org-EVT_S24_L002_R1_001.fastq.gz, ,reverse
X021_org_EVT_L3,2,NGS_M_Sheridan_40616_run2/X021_org_EVT_L003_ds.b8a19d72f8114669bc9352019090e562/X021-org-EVT_S24_L003_R1_001.fastq.gz, ,reverse
X021_org_EVT_L4,2,NGS_M_Sheridan_40616_run2/X021_org_EVT_L004_ds.72825b17573748e8bf5201b8234cccbe/X021-org-EVT_S24_L004_R1_001.fastq.gz, ,reverse
X021_org_TOM_L1,2,NGS_M_Sheridan_40616_run2/X021_org_TOM_L001_ds.3960d9ff4db64a8797ed00db736b0419/X021-org-TOM_S23_L001_R1_001.fastq.gz, ,reverse
X021_org_TOM_L2,2,NGS_M_Sheridan_40616_run2/X021_org_TOM_L002_ds.4083d9ee0d0a481280a92944667514ce/X021-org-TOM_S23_L002_R1_001.fastq.gz, ,reverse
X021_org_TOM_L3,2,NGS_M_Sheridan_40616_run2/X021_org_TOM_L003_ds.39821ceb76f24af8ba2bd8a1f58a3f71/X021-org-TOM_S23_L003_R1_001.fastq.gz, ,reverse
X021_org_TOM_L4,2,NGS_M_Sheridan_40616_run2/X021_org_TOM_L004_ds.afd6cbcbf6664ce89b8d984e042a11a5/X021-org-TOM_S23_L004_R1_001.fastq.gz, ,reverse
X035_org_EVT_L1,2,NGS_M_Sheridan_40616_run2/X035_org_EVT_L001_ds.513a42a0f67c4c449a00a3d99cafbc33/X035-org-EVT_S26_L001_R1_001.fastq.gz, ,reverse
X035_org_EVT_L2,2,NGS_M_Sheridan_40616_run2/X035_org_EVT_L002_ds.6044ee5bba6e43ee95cc1a98f3a6aef8/X035-org-EVT_S26_L002_R1_001.fastq.gz, ,reverse
X035_org_EVT_L3,2,NGS_M_Sheridan_40616_run2/X035_org_EVT_L003_ds.35b6dfd50f86472b9d0ea380f1b3936a/X035-org-EVT_S26_L003_R1_001.fastq.gz, ,reverse
X035_org_EVT_L4,2,NGS_M_Sheridan_40616_run2/X035_org_EVT_L004_ds.369280954986476b8af5fee7ce7df78e/X035-org-EVT_S26_L004_R1_001.fastq.gz, ,reverse
X035_org_TOM_L1,2,NGS_M_Sheridan_40616_run2/X035_org_TOM_L001_ds.b76d9c6812da4898a58eb222de3b6757/X035-org-TOM_S25_L001_R1_001.fastq.gz, ,reverse
X035_org_TOM_L2,2,NGS_M_Sheridan_40616_run2/X035_org_TOM_L002_ds.e55c64558c6244e2b8e5471cfecdd51c/X035-org-TOM_S25_L002_R1_001.fastq.gz, ,reverse
X035_org_TOM_L3,2,NGS_M_Sheridan_40616_run2/X035_org_TOM_L003_ds.0ff9da13f71640ffb0d7d6bce46291f4/X035-org-TOM_S25_L003_R1_001.fastq.gz, ,reverse
X035_org_TOM_L4,2,NGS_M_Sheridan_40616_run2/X035_org_TOM_L004_ds.92cfa7971bdd42beb87179f3f5e35fa6/X035-org-TOM_S25_L004_R1_001.fastq.gz, ,reverse
X039_3D_fluffy_L1,2,NGS_M_Sheridan_40616_run2/X039_3D_fluffy_L001_ds.3e091fe0213c46b9a30419b69fe48e9d/X039-3D-fluffy_S29_L001_R1_001.fastq.gz, ,reverse
X039_3D_fluffy_L2,2,NGS_M_Sheridan_40616_run2/X039_3D_fluffy_L002_ds.a5ae79e20ab140e4bc6b17bbc81a6353/X039-3D-fluffy_S29_L002_R1_001.fastq.gz, ,reverse
X039_3D_fluffy_L3,2,NGS_M_Sheridan_40616_run2/X039_3D_fluffy_L003_ds.24cb55a8c5f0423189aab4a22d744433/X039-3D-fluffy_S29_L003_R1_001.fastq.gz, ,reverse
X039_3D_fluffy_L4,2,NGS_M_Sheridan_40616_run2/X039_3D_fluffy_L004_ds.501773f122194cd88c9e10f24fa1731d/X039-3D-fluffy_S29_L004_R1_001.fastq.gz, ,reverse
X041_3D_fluffy_L1,2,NGS_M_Sheridan_40616_run2/X041_3D_fluffy_L001_ds.da9c49db75de42098eb4f05686d15bc0/X041-3D-fluffy_S30_L001_R1_001.fastq.gz, ,reverse
X041_3D_fluffy_L2,2,NGS_M_Sheridan_40616_run2/X041_3D_fluffy_L002_ds.03357fc25d564a4f903bfe4e8f7d0801/X041-3D-fluffy_S30_L002_R1_001.fastq.gz, ,reverse
X041_3D_fluffy_L3,2,NGS_M_Sheridan_40616_run2/X041_3D_fluffy_L003_ds.89804ff622a548cb8b62d6afea65b902/X041-3D-fluffy_S30_L003_R1_001.fastq.gz, ,reverse
X041_3D_fluffy_L4,2,NGS_M_Sheridan_40616_run2/X041_3D_fluffy_L004_ds.b2f922f385ee4a3e9a5e2446e665c8ce/X041-3D-fluffy_S30_L004_R1_001.fastq.gz, ,reverse
X044_2D_fluffy_L1,2,NGS_M_Sheridan_40616_run2/X044_2D_fluffy_L001_ds.af6efb078a12421789719c0eef1a8808/X044-2D-fluffy_S33_L001_R1_001.fastq.gz, ,reverse
X044_2D_fluffy_L2,2,NGS_M_Sheridan_40616_run2/X044_2D_fluffy_L002_ds.ddff6c8b980e43e7b8bc9eca33229333/X044-2D-fluffy_S33_L002_R1_001.fastq.gz, ,reverse
X044_2D_fluffy_L3,2,NGS_M_Sheridan_40616_run2/X044_2D_fluffy_L003_ds.5c893700cd7545528494466f3dcd5baf/X044-2D-fluffy_S33_L003_R1_001.fastq.gz, ,reverse
X044_2D_fluffy_L4,2,NGS_M_Sheridan_40616_run2/X044_2D_fluffy_L004_ds.554a411db947452ea3d0cf0a28f95753/X044-2D-fluffy_S33_L004_R1_001.fastq.gz, ,reverse
X076_3D_fluffy_L1,2,NGS_M_Sheridan_40616_run2/X076_3D_fluffy_L001_ds.6d4ca97b23de48889772f5622344003f/X076-3D-fluffy_S31_L001_R1_001.fastq.gz, ,reverse
X076_3D_fluffy_L2,2,NGS_M_Sheridan_40616_run2/X076_3D_fluffy_L002_ds.3fd092a5cbe04af7ba5598ce3a3b97a7/X076-3D-fluffy_S31_L002_R1_001.fastq.gz, ,reverse
X076_3D_fluffy_L3,2,NGS_M_Sheridan_40616_run2/X076_3D_fluffy_L003_ds.6b0971621bf94226b4f3f19ade848b57/X076-3D-fluffy_S31_L003_R1_001.fastq.gz, ,reverse
X076_3D_fluffy_L4,2,NGS_M_Sheridan_40616_run2/X076_3D_fluffy_L004_ds.34791a549e094d3b825a2971bb5e7c17/X076-3D-fluffy_S31_L004_R1_001.fastq.gz, ,reverse
X104_3D_fluffy_L1,2,NGS_M_Sheridan_40616_run2/X104_3D_fluffy_L001_ds.848b377fc57a453fa871fac48004c3a2/X104-3D-fluffy_S32_L001_R1_001.fastq.gz, ,reverse
X104_3D_fluffy_L2,2,NGS_M_Sheridan_40616_run2/X104_3D_fluffy_L002_ds.da21c649341e43f587db617930027d63/X104-3D-fluffy_S32_L002_R1_001.fastq.gz, ,reverse
X104_3D_fluffy_L3,2,NGS_M_Sheridan_40616_run2/X104_3D_fluffy_L003_ds.ae17d07998a449038bee865738c712bf/X104-3D-fluffy_S32_L003_R1_001.fastq.gz, ,reverse
X104_3D_fluffy_L4,2,NGS_M_Sheridan_40616_run2/X104_3D_fluffy_L004_ds.cceead24e8634c1b8d1b2ca1be12e7c5/X104-3D-fluffy_S32_L004_R1_001.fastq.gz, ,reverse
